,CATEGORY,TITLE,AUTHOR,DATE,STAR,RATING
0,Arts & Photography,The 5 Love Languages: The Secret to Love that Lasts,Gary Chapman,"Jan 1, 2015",4.8 out of 5 stars,27397
1,Arts & Photography,The Life-Changing Magic of Tidying Up: The Japanese Art of Decluttering and Organizing,by ,"Oct 14, 2014",4.5 out of 5 stars,23167
2,Arts & Photography,Born a Crime: Stories from a South African Childhood,Trevor Noah,"Feb 12, 2019",4.8 out of 5 stars,20444
3,Arts & Photography,Born a Crime: Stories from a South African Childhood,Trevor Noah,"Nov 15, 2016",4.8 out of 5 stars,20444
4,Arts & Photography,Proof of Heaven: A Neurosurgeon's Journey into the Afterlife,Eben Alexander,"Oct 23, 2012",4.3 out of 5 stars,13695
5,Arts & Photography,Calm the F*ck Down: An Irreverent Adult Coloring Book (Irreverent Book Series),Sasha O'Hara,"Jan 6, 2016",4.6 out of 5 stars,11160
6,Arts & Photography,Wuthering Heights (Flame Tree Collectable Classics),Emily Brontë,"Mar 15, 2020",4.4 out of 5 stars,11031
7,Arts & Photography,A Christmas Carol (Calla Editions),Charles Dickens,"Sep 12, 2018",4.6 out of 5 stars,10681
8,Arts & Photography,"I Am Confident, Brave & Beautiful: A Coloring Book for Girls",Hopscotch Girls,"Nov 13, 2017",4.8 out of 5 stars,10594
9,Arts & Photography,Go the F**k to Sleep,Adam Mansbach,"Jun 14, 2011",4.8 out of 5 stars,10125
10,Arts & Photography,Me: Elton John Official Autobiography,Elton John,"Oct 15, 2019",4.8 out of 5 stars,10084
11,Arts & Photography,Strange Planet,by ,"Nov 19, 2019",4.9 out of 5 stars,9879
12,Arts & Photography,Fucking Adorable - Cute Critters with foul Mouths,Heather Land,"Sep 5, 2016",4.7 out of 5 stars,9837
13,Arts & Photography,"Secret Garden: An Inky Treasure Hunt and Coloring Book (For Adults, mindfulness coloring)",Johanna Basford,"Mar 26, 2013",4.7 out of 5 stars,9638
14,Arts & Photography,"Adult Coloring Book : Stress Relieving Designs Animals, Mandalas, Flowers, Paisley Patterns And So Much More: Coloring Book For Adults",Cindy Elsharouni,"Nov 17, 2017",4.6 out of 5 stars,9372
15,Arts & Photography,A Street Cat Named Bob: And How He Saved My Life,James Bowen,"Jul 30, 2013",4.8 out of 5 stars,8953
16,Biographies & Memoirs,Becoming,Michelle Obama,"Nov 13, 2018",4.8 out of 5 stars,65052
17,Biographies & Memoirs,Too Much and Never Enough: How My Family Created the World's Most Dangerous Man,Mary L. Trump Ph.D.,"Jul 14, 2020",4.6 out of 5 stars,59436
18,Biographies & Memoirs,Educated: A Memoir,Tara Westover,"Feb 20, 2018",4.7 out of 5 stars,30801
19,Biographies & Memoirs,The Room Where It Happened: A White House Memoir,John Bolton,"Jun 23, 2020",4.3 out of 5 stars,30265
20,Biographies & Memoirs,"Unbroken: A World War II Story of Survival, Resilience, and Redemption",Laura Hillenbrand,"Nov 16, 2010",4.8 out of 5 stars,29784
21,Biographies & Memoirs,The Autobiography of Malcolm X: As Told to Alex Haley,Alex Haley,"Oct 12, 1987",4.8 out of 5 stars,28803
22,Biographies & Memoirs,The 5 Love Languages: The Secret to Love that Lasts,Gary Chapman,"Jan 1, 2015",4.8 out of 5 stars,27397
23,Biographies & Memoirs,Born a Crime: Stories from a South African Childhood,Trevor Noah,"Feb 12, 2019",4.8 out of 5 stars,20444
24,Biographies & Memoirs,Born a Crime: Stories from a South African Childhood,Trevor Noah,"Nov 15, 2016",4.8 out of 5 stars,20444
25,Biographies & Memoirs,Untamed,Glennon Doyle,"Mar 10, 2020",4.7 out of 5 stars,18034
26,Biographies & Memoirs,Can't Hurt Me: Master Your Mind and Defy the Odds,David Goggins,"Dec 10, 2018",4.8 out of 5 stars,17825
27,Biographies & Memoirs,Man's Search for Meaning,Viktor E. Frankl,"Jun 1, 2006",4.7 out of 5 stars,17396
28,Biographies & Memoirs,Man's Search for Meaning,Viktor E. Frankl,"Jan 1, 1702",4.7 out of 5 stars,17396
29,Biographies & Memoirs,Wild: From Lost to Found on the Pacific Crest Trail,Cheryl Strayed,"Mar 26, 2013",4.4 out of 5 stars,17310
30,Biographies & Memoirs,"If You Tell: A True Story of Murder, Family Secrets, and the Unbreakable Bond of Sisterhood",Gregg Olsen,"Dec 1, 2019",4.4 out of 5 stars,16113
31,Biographies & Memoirs,American Sniper: The Autobiography of the Most Lethal Sniper in U.S. Military History,Chris Kyle,"Jan 29, 2013",4.6 out of 5 stars,16087
32,Business & Money,Rich Dad Poor Dad: What the Rich Teach Their Kids About Money That the Poor and Middle Class Do Not!,Robert T. Kiyosaki,"Apr 11, 2017",4.7 out of 5 stars,33298
33,Business & Money,Think and Grow Rich: The Landmark Bestseller Now Revised and Updated for the 21st Century (Think and Grow Rich Series),Napoleon Hill,"Aug 18, 2005",4.7 out of 5 stars,27800
34,Business & Money,How To Win Friends and Influence People,Dale Carnegie,"Nov 3, 2009",4.7 out of 5 stars,26395
35,Business & Money,The Four Agreements (Illustrated Edition): A Practical Guide to Personal Freedom (Four-color Illustrated Ed.),Don Miguel Ruiz,"Nov 15, 2011",4.7 out of 5 stars,25578
36,Business & Money,The Life-Changing Magic of Tidying Up: The Japanese Art of Decluttering and Organizing,by ,"Oct 14, 2014",4.5 out of 5 stars,23167
37,Business & Money,12 Rules for Life: An Antidote to Chaos,Jordan B. Peterson,"May 2, 2019",4.7 out of 5 stars,20251
38,Business & Money,The Art of War: Illustrated Edition,Sun Tzu,"Sep 2, 2014",4.4 out of 5 stars,14084
39,Business & Money,Atomic Habits: An Easy & Proven Way to Build Good Habits & Break Bad Ones,James Clear,"Oct 16, 2018",4.8 out of 5 stars,13888
40,Business & Money,The Total Money Makeover: Classic Edition: A Proven Plan for Financial Fitness,Dave Ramsey,"Sep 17, 2013",4.7 out of 5 stars,12356
41,Business & Money,"Thinking, Fast and Slow",Daniel Kahneman,"Apr 2, 2013",4.6 out of 5 stars,11603
42,Business & Money,The Intelligent Investor: The Definitive Book on Value Investing. A Book of Practical Counsel (Revised Edition),Benjamin Graham,"Feb 21, 2006",4.6 out of 5 stars,11503
43,Business & Money,The Power of Habit: Why We Do What We Do in Life and Business,Charles Duhigg,"Jan 7, 2014",4.6 out of 5 stars,11134
44,Business & Money,Outliers: The Story of Success,Malcolm Gladwell,"Jun 7, 2011",4.6 out of 5 stars,10939
45,Business & Money,The 48 Laws of Power,Robert Greene,"Sep 1, 2000",4.7 out of 5 stars,10447
46,Business & Money,Quiet: The Power of Introverts in a World That Can't Stop Talking,Susan Cain,"Jan 29, 2013",4.6 out of 5 stars,10350
47,Business & Money,The Richest Man in Babylon,George S. Clason,"Jan 1, 2002",4.7 out of 5 stars,9857
48,Avg. Customer Review,Who Moved My Cheese 2003 Block Calendar: An A-Mazing Way to Deal With Change in Your Work and in Your Life,Spencer Johnson,"Jul 1, 2002",4.6 out of 5 stars,8141
49,Avg. Customer Review,"The Knot Ultimate Wedding Planner & Organizer [binder edition]: Worksheets, Checklists, Etiquette, Calendars, and Answers to Frequently Asked Questions by Roney, Carley (2013) Ring-bound",Carley Roney,"Dec 2, 2012",4.6 out of 5 stars,4234
50,Avg. Customer Review,"Katie Daisy 2020 On-the-Go Weekly Planner: 17-Month Calendar with Pocket (Aug 2019 - Dec 2020, 5"" x 7"" closed)",Amber Lotus Publishing,"Jun 19, 2019",4.7 out of 5 stars,3878
51,Avg. Customer Review,2021 Pooping Pooches White Elephant Gag Gift Calendar,Gag Gifts For Good Causes,"Aug 20, 2017",4.8 out of 5 stars,3201
52,Avg. Customer Review,Thomas Kinkade Studios: Disney Dreams Collection 2020 Wall Calendar,Thomas Kinkade,"May 28, 2019",4.9 out of 5 stars,2951
53,Avg. Customer Review,"Katie Daisy 2018 - 2019 On-the-Go Weekly Planner: 17-Month Calendar with Pocket (Aug 2018 - Dec 2019, 5 x 7 closed)",Katie Daisy,"May 15, 2018",4.7 out of 5 stars,2405
54,Avg. Customer Review,Vader's Little Princess 2015 Wall Calendar (Star Wars),Jeffrey Brown,"Jul 22, 2014",4.8 out of 5 stars,2093
55,Avg. Customer Review,"Katie Daisy 2020 - 2021 On-the-Go Weekly Planner: 17-Month Calendar with Pocket (Aug 2020 - Dec 2021, 5"" x 7"" closed): Hello Beauty",Amber Lotus Publishing,"Apr 20, 2020",4.8 out of 5 stars,1941
56,Avg. Customer Review,Der Lebensfreude Kalender 2020: Das Original als Jubiläumsausgabe: 30 Jahre Lebensfreude-Kalender,Rolf Merkle,"Jul 5, 2019",4.6 out of 5 stars,1659
57,Avg. Customer Review,The Power of Intention Perpetual Flip Calendar: A Calendar To Use Year After Year,Wayne W. Dyer,"Jan 1, 2004",4.7 out of 5 stars,1554
58,Avg. Customer Review,Elements 2017 Calendar: A Visual Exploration of Every Known Atom in the Universe,Theodore Gray,"Jul 5, 2016",4.8 out of 5 stars,1543
59,Avg. Customer Review,2021 Amy Knapp's Big Grid Family Organizer Wall Calendar: August 2020-December 2021,Amy Knapp,"May 1, 2020",4.8 out of 5 stars,1498
60,Avg. Customer Review,2020 Amy Knapp's Big Grid Family Organizer Wall Calendar: August 2019-December 2020,Amy Knapp,"May 1, 2019",4.8 out of 5 stars,1498
61,Avg. Customer Review,2019 Amy Knapp's Big Grid Family Organizer Wall Calendar: August 2018-December 2019,Amy Knapp,"May 1, 2018",4.8 out of 5 stars,1498
62,Avg. Customer Review,2021 National Park Foundation Wall Calendar,National Park Foundation,"Jul 1, 2020",4.7 out of 5 stars,1461
63,Avg. Customer Review,2020 National Park Foundation Wall Calendar,National Park Foundation,"Jul 1, 2019",4.7 out of 5 stars,1461
64,Children's Books,The Wonky Donkey,Craig Smith,"May 1, 2010",4.8 out of 5 stars,32416
65,Children's Books,The Hunger Games (Book 1),Suzanne Collins,"Jul 3, 2010",4.7 out of 5 stars,32405
66,Children's Books,Wonder,R. J. Palacio,"Feb 14, 2012",4.8 out of 5 stars,28803
67,Children's Books,Mockingjay (Hunger Games),Suzanne Collins,"Feb 25, 2014",4.5 out of 5 stars,27079
68,Children's Books,"School Zone - Big Preschool Workbook - Ages 4 and Up, Colors, Shapes, Numbers 1-10, Alphabet, Pre-Writing, Pre-Reading, Phonics, and More (School Zone Big Workbook Series)",School Zone,"Jun 7, 2018",4.8 out of 5 stars,26191
69,Children's Books,The Hobbit,J. R. R. Tolkien,"Sep 18, 2012",4.7 out of 5 stars,25805
70,Children's Books,"My First Learn to Write Workbook: Practice for Kids with Pen Control, Line Tracing, Letters, and More! (Kids coloring activity books)",Crystal Radke,"Aug 27, 2019",4.8 out of 5 stars,25477
71,Children's Books,"Harry Potter and the Cursed Child, Parts One and Two: The Official Playscript of the Original West End Production",J.K. Rowling,"Jul 25, 2017",-,24609
72,Children's Books,The Book Thief,Markus Zusak,"Sep 11, 2007",4.6 out of 5 stars,23630
73,Children's Books,Catching Fire |Hunger Games|2,Suzanne Collins,"Jun 4, 2013",4.7 out of 5 stars,22913
74,Children's Books,The Ballad of Songbirds and Snakes (A Hunger Games Novel),Suzanne Collins,"May 19, 2020",4.7 out of 5 stars,22800
75,Children's Books,The Very Hungry Caterpillar,Eric Carle,"Mar 23, 1994",4.9 out of 5 stars,21323
76,Children's Books,The Very Hungry Caterpillar Giant Board Book and Plush package,Eric Carle,"Oct 1, 2001",4.9 out of 5 stars,21323
77,Children's Books,"Harry Potter and the Chamber of Secrets: The Illustrated Edition (Harry Potter, Book 2)",J.K. Rowling,"Oct 4, 2016",4.9 out of 5 stars,20763
78,Children's Books,Love You Forever,Robert Munsch,"Sep 1, 1995",4.9 out of 5 stars,19881
79,Children's Books,If Animals Kissed Good Night,Ann Whitford Paul,"Jun 3, 2014",4.8 out of 5 stars,18475
80,Christian Books & Bibles,Educated: A Memoir,Tara Westover,"Feb 20, 2018",4.7 out of 5 stars,30801
81,Christian Books & Bibles,The 5 Love Languages: The Secret to Love that Lasts,Gary Chapman,"Jan 1, 2015",4.8 out of 5 stars,27397
82,Christian Books & Bibles,"Girl, Wash Your Face: Stop Believing the Lies About Who You Are So You Can Become Who You Were Meant to Be",Rachel Hollis,"Feb 6, 2018",4.6 out of 5 stars,23092
83,Christian Books & Bibles,Jesus Calling: Enjoying Peace in His Presence (with Scripture References),Sarah Young,"Oct 10, 2004",4.9 out of 5 stars,20106
84,Christian Books & Bibles,The Shack: Where Tragedy Confronts Eternity,William P. Young,"Jul 1, 2007",4.6 out of 5 stars,19884
85,Christian Books & Bibles,The Power of Your Subconscious Mind,Joseph Murphy,"Nov 13, 2019",4.6 out of 5 stars,19565
86,Christian Books & Bibles,Untamed,Glennon Doyle,"Mar 10, 2020",4.7 out of 5 stars,18034
87,Christian Books & Bibles,"ESV Single Column Journaling Bible (TruTone, Chestnut, Leaves Design)",ESV Bibles by Crossway,"Aug 29, 2014",4.6 out of 5 stars,16779
88,Christian Books & Bibles,Heaven is for Real: A Little Boy's Astounding Story of His Trip to Heaven and Back,Todd Burpo,"Oct 31, 2010",4.7 out of 5 stars,15854
89,Christian Books & Bibles,Proof of Heaven: A Neurosurgeon's Journey into the Afterlife,Eben Alexander,"Oct 23, 2012",4.3 out of 5 stars,13695
90,Christian Books & Bibles,The Total Money Makeover: Classic Edition: A Proven Plan for Financial Fitness,Dave Ramsey,"Sep 17, 2013",4.7 out of 5 stars,12356
91,Christian Books & Bibles,"Prayer Journal for Women: 52 Week Scripture, Devotional & Guided Prayer Journal",Shannon Roberts,"Mar 14, 2019",4.8 out of 5 stars,12027
92,Christian Books & Bibles,The Harbinger: The Ancient Mystery that Holds the Secret of America's Future,Jonathan Cahn,"Jan 3, 2012",4.6 out of 5 stars,11510
93,Christian Books & Bibles,Killing Jesus (Bill O'Reilly's Killing Series),Bill O'Reilly,"Sep 24, 2013",4.5 out of 5 stars,11461
94,Christian Books & Bibles,Left to Tell: Discovering God Amidst the Rwandan Holocaust,Immaculee Ilibagiza,"Apr 7, 2014",4.9 out of 5 stars,11160
95,Christian Books & Bibles,A Christmas Carol: With Original Illustrations In Full Color,Charles Dickens,"Sep 12, 2016",4.6 out of 5 stars,10681
96,Comics & Graphic Novels,"The Boy, the Mole, the Fox and the Horse",Charlie Mackesy,"Oct 22, 2019",4.8 out of 5 stars,16003
97,Comics & Graphic Novels,Harry Potter and the Deathly Hallows (Harry Potter Slipcase Edition),J.K. Rowling,"Jul 13, 2017",4.8 out of 5 stars,15312
98,Comics & Graphic Novels,The Art of War,Sun Tzu,"May 8, 2018",4.4 out of 5 stars,14084
99,Comics & Graphic Novels,"Fire and Fury: Inside the Trump White House [Paperback] [Jan 17, 2018] Michael Wolff",Michael Wolff,"Jan 1, 2018",-,13863
100,Comics & Graphic Novels,The Kite Runner - A Novel,Khaled Hosseini,"Jan 1, 2004",4.7 out of 5 stars,12468
101,Comics & Graphic Novels,The Great Gatsby,F. Scott Fitzgerald,"Apr 23, 2013",4.4 out of 5 stars,11978
102,Comics & Graphic Novels,Strange Planet (Strange Planet Series),Nathan W. Pyle,"Nov 19, 2019",4.9 out of 5 stars,9879
103,Comics & Graphic Novels,Strange Planet,by ,"Nov 19, 2019",4.9 out of 5 stars,9879
104,Comics & Graphic Novels,The Outsiders,S. E. Hinton,"Sep 1, 1988",4.8 out of 5 stars,9782
105,Comics & Graphic Novels,What If?: Serious Scientific Answers to Absurd Hypothetical Questions,Randall Munroe,"Sep 24, 2015",4.7 out of 5 stars,9668
106,Comics & Graphic Novels,Alice's Adventures in Wonderland (Dover Thrift Editions),Lewis Carroll,"May 20, 1993",4.5 out of 5 stars,8225
107,Comics & Graphic Novels,Twisted Twenty-Six,Janet Evanovich,"Nov 14, 2019",4.7 out of 5 stars,6336
108,Comics & Graphic Novels,Dog Man 5: Lord of the Fleas PB,Dav Pilkey,"Jul 4, 2019",4.9 out of 5 stars,5875
109,Comics & Graphic Novels,The Adventures of Dog Man 2: Unleashed,Dav Pilkey,"Jan 4, 2018",4.9 out of 5 stars,5631
110,Comics & Graphic Novels,The Legend of Zelda: Hyrule Historia,by ,"Jan 29, 2013",4.9 out of 5 stars,5533
111,Comics & Graphic Novels,How to Tell If Your Cat Is Plotting to Kill You (Volume 2) (The Oatmeal),The Oatmeal,"Oct 9, 2012",4.4 out of 5 stars,5494
112,Computers & Technology,Think and Grow Rich,Napoleon Hill,"Jan 1, 2012",4.7 out of 5 stars,27800
113,Computers & Technology,The Four Agreements (Illustrated Edition): A Practical Guide to Personal Freedom (Four-color Illustrated Ed.),Don Miguel Ruiz,"Nov 15, 2011",4.7 out of 5 stars,25578
114,Computers & Technology,Pride and Prejudice,Jane Austen,"Jan 1, 1980",4.5 out of 5 stars,12930
115,Computers & Technology,Modern Classics the Great Gatsby (Penguin F. Scott Fitzgerald Hardback Collection),F. Scott Fitzgerald,"Nov 16, 2010",4.4 out of 5 stars,11978
116,Computers & Technology,What If?: Serious Scientific Answers to Absurd Hypothetical Questions,Randall Munroe,"Sep 24, 2015",4.7 out of 5 stars,9668
117,Computers & Technology,Start with Why: How Great Leaders Inspire Everyone to Take Action,Simon Sinek,"Dec 27, 2011",4.6 out of 5 stars,9111
118,Computers & Technology,The Personal Internet Address & Password Logbook (removable cover band for security),Peter Pauper Press,"Jun 1, 2010",4.6 out of 5 stars,8709
119,Computers & Technology,Steve Jobs,Walter Isaacson,"Oct 24, 2011",4.6 out of 5 stars,7939
120,Computers & Technology,Animal Crossing: New Horizons Official Companion Guide,Future Press,"May 8, 2020",4.8 out of 5 stars,7565
121,Computers & Technology,The Legend of Zelda: Hyrule Historia,by ,"Jan 29, 2013",4.9 out of 5 stars,5533
122,Computers & Technology,Romeo and Juliet,William Shakespeare,"Apr 8, 2005",4.6 out of 5 stars,4932
123,Computers & Technology,"The Phoenix Project: A Novel about IT, DevOps, and Helping Your Business Win",Gene Kim,"Feb 27, 2018",4.7 out of 5 stars,4929
124,Computers & Technology,Stunning Digital Photography,Tony Northrup,"Dec 1, 2019",4.7 out of 5 stars,4744
125,Computers & Technology,Howl's Moving Castle,Diana Wynne Jones,"Apr 22, 2008",4.8 out of 5 stars,3752
126,Computers & Technology,The Liberal Media Industrial Complex,Mark Dice,"Nov 9, 2019",4.9 out of 5 stars,3654
127,Computers & Technology,The True Story of Fake News: How Mainstream Media Manipulates Millions,Mark Dice,"Nov 1, 2017",4.9 out of 5 stars,3526
128,"Cookbooks, Food & Wine",10-Day Green Smoothie Cleanse: Lose Up to 15 Pounds in 10 Days!,J.J. Smith,"Jan 5, 2015",4.7 out of 5 stars,18223
129,"Cookbooks, Food & Wine","The Secret (Unabridged, 4-CD Set)",Rhonda Byrne,"Nov 28, 2006",4.5 out of 5 stars,17403
130,"Cookbooks, Food & Wine","Pinch of Nom: 100 Slimming, Home-style Recipes",Kay Featherstone,"Mar 21, 2019",4.8 out of 5 stars,17346
131,"Cookbooks, Food & Wine",The Complete Ketogenic Diet for Beginners: Your Essential Guide to Living the Keto Lifestyle,Amy Ramos,"Dec 20, 2016",4.3 out of 5 stars,14124
132,"Cookbooks, Food & Wine",Thug Kitchen: The Official Cookbook: Eat Like You Give a F*ck (Thug Kitchen Cookbooks),Thug Kitchen,"Oct 7, 2014",4.6 out of 5 stars,11515
133,"Cookbooks, Food & Wine",Magnolia Table: A Collection of Recipes for Gathering,Joanna Gaines,"Apr 24, 2018",4.8 out of 5 stars,10761
134,"Cookbooks, Food & Wine","Magnolia Table, Volume 2: A Collection of Recipes for Gathering",Joanna Gaines,"Apr 7, 2020",4.9 out of 5 stars,9353
135,"Cookbooks, Food & Wine",5 Ingredients: Quick & Easy Food,Jamie Oliver,"Jan 8, 2019",4.7 out of 5 stars,8604
136,"Cookbooks, Food & Wine","Salt, Fat, Acid, Heat: Mastering the Elements of Good Cooking",Samin Nosrat,"Apr 25, 2017",4.8 out of 5 stars,8306
137,"Cookbooks, Food & Wine",The Whole30: The 30-Day Guide to Total Health and Food Freedom,Melissa Hartwig Urban,"Apr 21, 2015",4.6 out of 5 stars,7940
138,"Cookbooks, Food & Wine",Instant Pot Pressure Cooker Cookbook: 500 Everyday Recipes for Beginners and Advanced Users. Try Easy and Healthy Instant Pot Recipes.,Jennifer Smith,"Sep 20, 2018",4.4 out of 5 stars,7773
139,"Cookbooks, Food & Wine",The Instant Pot Electric Pressure Cooker Cookbook: Easy Recipes for Fast & Healthy Meals,Laurel Randolph,"Apr 6, 2016",4.3 out of 5 stars,7677
140,"Cookbooks, Food & Wine","Wheat Belly: Lose the Wheat, Lose the Weight, and Find Your Path Back to Health",William Davis,"Jun 3, 2014",4.4 out of 5 stars,7570
141,"Cookbooks, Food & Wine","The Plant Paradox: The Hidden Dangers in ""Healthy"" Foods That Cause Disease and Weight Gain",by ,"Jul 11, 2017",4.4 out of 5 stars,7451
142,"Cookbooks, Food & Wine",Forks Over Knives―The Cookbook: Over 300 Recipes for Plant-Based Eating All Through the Year,Del Sroufe,"Aug 14, 2012",4.5 out of 5 stars,6903
143,"Cookbooks, Food & Wine","The Ultimate Instant Pot cookbook: Foolproof, Quick & Easy 800 Instant Pot Recipes for Beginners and Advanced Users (Pressure Cooker Recipes)",Simon Rush,"Oct 12, 2019",-,6245
144,"Crafts, Hobbies & Home",Outlander,Diana Gabaldon,"Jun 2, 1992",4.7 out of 5 stars,27780
145,"Crafts, Hobbies & Home",The Life-Changing Magic of Tidying Up: The Japanese Art of Decluttering and Organizing,by ,"Oct 14, 2014",4.5 out of 5 stars,23167
146,"Crafts, Hobbies & Home",Pinch of Nom: 100 Home-Style Recipes for Health and Weight Loss,Kay Featherstone,"Apr 28, 2020",4.8 out of 5 stars,17346
147,"Crafts, Hobbies & Home",The Art of War (Chiltern Classic),Sun Tzu,"Sep 27, 2018",4.4 out of 5 stars,14084
148,"Crafts, Hobbies & Home",Pride and Prejudice (Chiltern Classic),Jane Austen,"Sep 27, 2018",4.5 out of 5 stars,12930
149,"Crafts, Hobbies & Home",The Great Gatsby (Chiltern Classic),F. Scott Fitzgerald Fitzgerald,"Sep 27, 2018",4.4 out of 5 stars,11978
150,"Crafts, Hobbies & Home",Calm the F*ck Down: An Irreverent Adult Coloring Book (Irreverent Book Series),Sasha O'Hara,"Jan 6, 2016",4.6 out of 5 stars,11160
151,"Crafts, Hobbies & Home",Wuthering Heights (Chiltern Classic),Emily Bronte,"Sep 27, 2018",4.4 out of 5 stars,11031
152,"Crafts, Hobbies & Home",A Christmas Carol (Chiltern Classic),Charles Dickens,"Sep 8, 2020",4.6 out of 5 stars,10681
153,"Crafts, Hobbies & Home","I Am Confident, Brave & Beautiful: A Coloring Book for Girls",Hopscotch Girls,"Nov 13, 2017",4.8 out of 5 stars,10594
154,"Crafts, Hobbies & Home",How Not to Die: Discover the Foods Scientifically Proven to Prevent and Reverse Disease,Michael Greger M.D. FACLM,"Dec 8, 2015",4.7 out of 5 stars,10272
155,"Crafts, Hobbies & Home",Zen as F*ck (Zen as F*ck Journals),Monica Sweeney,"Mar 6, 2018",4.7 out of 5 stars,9857
156,"Crafts, Hobbies & Home",Wacky Waving Inflatable Tube Guy (RP Minis),Conor Riordan,"Oct 2, 2018",-,9845
157,"Crafts, Hobbies & Home",Fucking Adorable - Cute Critters with foul Mouths,Heather Land,"Sep 5, 2016",4.7 out of 5 stars,9837
158,"Crafts, Hobbies & Home","Secret Garden: An Inky Treasure Hunt and Coloring Book (For Adults, mindfulness coloring)",Johanna Basford,"Mar 26, 2013",4.7 out of 5 stars,9638
159,"Crafts, Hobbies & Home",Jane Eyre (Chiltern Classic),Charlotte Brontë,"Sep 27, 2018",4.6 out of 5 stars,9635
160,Education & Teaching,"My First Learn to Write Workbook: Practice for Kids with Pen Control, Line Tracing, Letters, and More! (Kids coloring activity books)",Crystal Radke,"Aug 27, 2019",4.8 out of 5 stars,25477
161,Education & Teaching,The Art of War,Sun Tzu,"Mar 10, 1983",4.4 out of 5 stars,14084
162,Education & Teaching,The Total Money Makeover: Classic Edition: A Proven Plan for Financial Fitness,Dave Ramsey,"Sep 17, 2013",4.7 out of 5 stars,12356
163,Education & Teaching,A CHRISTMAS CAROL (PACEMAKER CLASSICS),Charles Dickens,"Jan 1, 1950",4.6 out of 5 stars,10681
164,Education & Teaching,NLLB: ANIMAL FARM (Pearson English Graded Readers),George Orwell,"Jan 1, 2016",4.7 out of 5 stars,10344
165,Education & Teaching,First Little Readers Parent Pack: Guided Reading Level A: 25 Irresistible Books That Are Just the Right Level for Beginning Readers,Deborah Schecter,"Oct 1, 2010",4.7 out of 5 stars,8141
166,Education & Teaching,"Tuesdays with Morrie: An Old Man, A Young Man and Life's Greatest Lesson",Mitch Albom,"Aug 18, 1997",4.8 out of 5 stars,7887
167,Education & Teaching,"ATI TEAS Secrets Study Guide: TEAS 6 Complete Study Manual, Full-Length Practice Tests, Review Video Tutorials for the Test of Essential Academic Skills, Sixth Edition",TEAS Exam Secrets Test Prep Team,"Mar 31, 2016",4.7 out of 5 stars,7882
168,Education & Teaching,Holes (Rigorous Reading),Louis Sachar,"Mar 1, 2016",4.8 out of 5 stars,6974
169,Education & Teaching,"Preschool Math Workbook for Toddlers Ages 2-4: Beginner Math Preschool Learning Book with Number Tracing and Matching Activities for 2, 3 and 4 year olds and kindergarten prep",Modern Kid Press,"Oct 29, 2019",4.7 out of 5 stars,6663
170,Education & Teaching,"My First Toddler Coloring Book: Fun with Numbers, Letters, Shapes, Colors, and Animals! (Kids coloring activity books)",Tanya Emelyanova,"Feb 6, 2018",4.8 out of 5 stars,6604
171,Education & Teaching,Teach Your Child to Read in 100 Easy Lessons,Siegfried Engelmann,"Jun 15, 1986",4.5 out of 5 stars,6401
172,Education & Teaching,"School Zone - Sight Words Flash Cards - Ages 5 and Up, Kindergarten to 1st Grade, Phonics, Beginning Reading, Sight Reading, Early-Reading Words, and More",School Zone,"May 5, 2015",4.8 out of 5 stars,6346
173,Education & Teaching,As A Man Thinketh,James Allen,"Mar 13, 2019",4.7 out of 5 stars,6301
174,Education & Teaching,"Learn to Read: A Magical Sight Words and Phonics Activity Workbook for Beginning Readers Ages 5-7: Reading Made Easy | Preschool, Kindergarten and 1st Grade",Modern Kid Press,"Apr 16, 2019",4.7 out of 5 stars,5980
175,Education & Teaching,Sapiens: Uma Breve Historia da Humanidade (Em Portugues do Brasil),_,"Jan 1, 2015",4.8 out of 5 stars,5897
176,Engineering & Transportation,Art of War (Chump Change Edition),Sun Tzu,"Apr 1, 2017",4.4 out of 5 stars,14084
177,Engineering & Transportation,The Help,Kathryn Stockett,"Apr 5, 2011",4.8 out of 5 stars,14053
178,Engineering & Transportation,Wacky Waving Inflatable Tube Guy (RP Minis),Conor Riordan,"Oct 2, 2018",-,9845
179,Engineering & Transportation,"Elon Musk: Tesla, SpaceX, and the Quest for a Fantastic Future",Ashlee Vance,"Jan 24, 2017",4.7 out of 5 stars,8176
180,Engineering & Transportation,No Easy Day: The Only First-hand Account of the Navy Seal Mission that Killed Osama bin Laden,Mark Owen,"Jun 6, 2013",4.6 out of 5 stars,8168
181,Engineering & Transportation,Steve Jobs,Walter Isaacson,"Oct 24, 2011",4.6 out of 5 stars,7939
182,Engineering & Transportation,Dead Wake: The Last Crossing of the Lusitania,Erik Larson,"Mar 22, 2016",4.5 out of 5 stars,7643
183,Engineering & Transportation,Bad Blood: Secrets and Lies in a Silicon Valley Startup,John Carreyrou,"Jan 28, 2020",4.8 out of 5 stars,6509
184,Engineering & Transportation,The Wright Brothers,David McCullough,"May 3, 2016",4.7 out of 5 stars,6216
185,Engineering & Transportation,"Guns, Germs, and Steel: The Fates of Human Societies",by ,"Mar 7, 2017",4.5 out of 5 stars,4498
186,Engineering & Transportation,The Radium Girls: The Dark Story of America’s Shining Women,Kate Moore,"Mar 6, 2018",4.7 out of 5 stars,4289
187,Engineering & Transportation,"The Elements of Style, Fourth Edition",William Strunk Jr.,"May 25, 2019",4.7 out of 5 stars,4190
188,Engineering & Transportation,The Elements of Style (4th Edition),William Strunk,"Aug 24, 1999",4.7 out of 5 stars,4190
189,Engineering & Transportation,Endurance: Shackleton's Incredible Voyage,Alfred Lansing,"Apr 28, 2015",4.8 out of 5 stars,4058
190,Engineering & Transportation,The Bluest Eye,Toni Morrison,"Dec 28, 1993",4.7 out of 5 stars,3856
191,Engineering & Transportation,Hidden Figures: The American Dream and the Untold Story of the Black Women Mathematicians Who Helped Win the Space Race,Margot Lee Shetterly,"Dec 6, 2016",4.5 out of 5 stars,3723
192,"Health, Fitness & Dieting",The Subtle Art of Not Giving a F*ck: A Counterintuitive Approach to Living a Good Life,Mark Manson,"Sep 13, 2016",4.6 out of 5 stars,28174
193,"Health, Fitness & Dieting",Think and Grow Rich,Napoleon Hill,"May 12, 1987",4.7 out of 5 stars,27800
194,"Health, Fitness & Dieting",The 5 Love Languages: The Secret to Love That Lasts,Gary Chapman,"Oct 1, 2010",4.8 out of 5 stars,27397
195,"Health, Fitness & Dieting",How to Win Friends & Influence People,Dale Carnegie,"Feb 15, 1990",4.7 out of 5 stars,26395
196,"Health, Fitness & Dieting",The Four Agreements: A Practical Guide to Personal Freedom (A Toltec Wisdom Book),Don Miguel Ruiz,"Nov 7, 1997",4.7 out of 5 stars,25578
197,"Health, Fitness & Dieting",Life Changing Magic Of Tidying,Marie Kondo,"Apr 3, 2014",4.5 out of 5 stars,23167
198,"Health, Fitness & Dieting",12 Rules for Life: An Antidote to Chaos,Jordan B. Peterson,"Jan 23, 2018",4.7 out of 5 stars,20251
199,"Health, Fitness & Dieting",The Power of Your Subconscious Mind,Joseph Murphy,"Nov 24, 2008",4.6 out of 5 stars,19565
200,"Health, Fitness & Dieting",10-Day Green Smoothie Cleanse,JJ Smith,"Jul 15, 2014",4.7 out of 5 stars,18223
201,"Health, Fitness & Dieting",Player's Handbook (Dungeons & Dragons),Wizards RPG Team,"Aug 19, 2014",4.8 out of 5 stars,18133
202,"Health, Fitness & Dieting",Untamed,Glennon Doyle,"Mar 10, 2020",4.7 out of 5 stars,18034
203,"Health, Fitness & Dieting",Can't Hurt Me: Master Your Mind and Defy the Odds,David Goggins,"Dec 4, 2018",4.8 out of 5 stars,17825
204,"Health, Fitness & Dieting",The Secret,Rhonda Byrne,"Nov 28, 2006",4.5 out of 5 stars,17403
205,"Health, Fitness & Dieting",Man's Search for Meaning,Viktor E. Frankl,"Jun 1, 2006",4.7 out of 5 stars,17396
206,"Health, Fitness & Dieting",Man's Search for Meaning,Viktor E. Frankl,"Jan 1, 1702",4.7 out of 5 stars,17396
207,"Health, Fitness & Dieting","Pinch of Nom: 100 Slimming, Home-style Recipes",Kay Featherstone,"Mar 21, 2019",4.8 out of 5 stars,17346
208,History,Too Much and Never Enough: How My Family Created the World's Most Dangerous Man,Mary L. Trump Ph.D.,"Jul 14, 2020",4.6 out of 5 stars,59436
209,History,The Room Where It Happened: A White House Memoir,John Bolton,"Jun 23, 2020",4.3 out of 5 stars,30265
210,History,"Unbroken: A World War II Story of Survival, Resilience, and Redemption",Laura Hillenbrand,"Nov 16, 2010",4.8 out of 5 stars,29784
211,History,To Kill a Mockingbird,Harper Lee,-,4.8 out of 5 stars,27800
212,History,Sapiens: A Brief History of Humankind,Yuval Noah Harari,"May 15, 2018",4.6 out of 5 stars,25563
213,History,The Boys in the Boat: Nine Americans and Their Epic Quest for Gold at the 1936 Berlin Olympics,Daniel James Brown,"May 27, 2014",4.8 out of 5 stars,23585
214,History,Man's Search for Meaning,Viktor E. Frankl,"Jun 1, 2006",4.7 out of 5 stars,17396
215,History,Man's Search for Meaning,Viktor E. Frankl,"Jan 1, 1702",4.7 out of 5 stars,17396
216,History,Wild: From Lost to Found on the Pacific Crest Trail,Cheryl Strayed,"Mar 26, 2013",4.4 out of 5 stars,17310
217,History,American Sniper: The Autobiography of the Most Lethal Sniper in U.S. Military History,Chris Kyle,"Jan 29, 2013",4.6 out of 5 stars,16087
218,History,Hillbilly Elegy: A Memoir of a Family and Culture in Crisis,J. D. Vance,"May 1, 2018",4.4 out of 5 stars,15833
219,History,Maude,Donna Foley Mabry,"Oct 16, 2014",4.4 out of 5 stars,14606
220,History,The Art of War & Other Classics of Eastern Philosophy (Leather-bound Classics),Sun Tzu,"Oct 1, 2016",4.4 out of 5 stars,14084
221,History,Fire and Fury: Inside the Trump White House,Michael Wolff,"Jan 5, 2018",-,13863
222,History,Lone Survivor: The Eyewitness Account of Operation Redwing and the Lost Heroes of SEAL Team 10,Marcus Luttrell,"May 1, 2008",4.8 out of 5 stars,13825
223,History,12 Years a Slave,Solomon Northup,"Feb 21, 2014",4.6 out of 5 stars,12538
224,Humor & Entertainment,The Wonky Donkey,Craig Smith,"Nov 1, 2018",4.8 out of 5 stars,32416
225,Humor & Entertainment,The Subtle Art of Not Giving a F*ck: A Counterintuitive Approach to Living a Good Life,Mark Manson,"Sep 13, 2016",4.6 out of 5 stars,28174
226,Humor & Entertainment,To Kill a Mockingbird (40th Anniversary),Harper Lee,"Nov 3, 1999",4.8 out of 5 stars,27800
227,Humor & Entertainment,The Hobbit,J.R.R. Tolkien,"Aug 15, 2002",4.7 out of 5 stars,25805
228,Humor & Entertainment,1984 (Signet Classics),George Orwell,"Jul 1, 1950",4.7 out of 5 stars,23312
229,Humor & Entertainment,Ready Player One: A Novel,Ernest Cline,"Jun 5, 2012",4.6 out of 5 stars,22980
230,Humor & Entertainment,The Ballad of Songbirds and Snakes (A Hunger Games Novel),Suzanne Collins,"May 19, 2020",4.7 out of 5 stars,22800
231,Humor & Entertainment,Born a Crime: Stories from a South African Childhood,Trevor Noah,"Feb 12, 2019",4.8 out of 5 stars,20444
232,Humor & Entertainment,Born a Crime: Stories from a South African Childhood,Trevor Noah,"Nov 15, 2016",4.8 out of 5 stars,20444
233,Humor & Entertainment,Player's Handbook (Dungeons & Dragons),Wizards RPG Team,"Aug 19, 2014",4.8 out of 5 stars,18133
234,Humor & Entertainment,This Is Going to Hurt: Secret Diaries of a Medical Resident,Adam Kay,"Dec 3, 2019",4.6 out of 5 stars,15954
235,Humor & Entertainment,Fahrenheit 451,Ray Bradbury,"Jan 10, 2012",4.6 out of 5 stars,11605
236,Humor & Entertainment,Calm the F*ck Down: An Irreverent Adult Coloring Book (Irreverent Book Series),Sasha O'Hara,"Jan 6, 2016",4.6 out of 5 stars,11160
237,Humor & Entertainment,The Pigeon HAS to Go to School!,Mo Willems,"Aug 1, 2019",4.9 out of 5 stars,11161
238,Humor & Entertainment,A Christmas Carol,Charles Dickens,"Sep 5, 2007",4.6 out of 5 stars,10681
239,Humor & Entertainment,"I Am Confident, Brave & Beautiful: A Coloring Book for Girls",Hopscotch Girls,"Nov 13, 2017",4.8 out of 5 stars,10594
240,Law,Becoming,Michelle Obama,"Nov 13, 2018",4.8 out of 5 stars,65052
241,Law,Just Mercy: A Story of Justice and Redemption,Bryan Stevenson,"Aug 18, 2015",4.8 out of 5 stars,11904
242,Law,How To Be an Antiracist,Ibram X. Kendi,"Aug 15, 2019",4.8 out of 5 stars,11855
243,Law,The 48 Laws of Power,Robert Greene,"Sep 1, 2000",4.7 out of 5 stars,10447
244,Law,Disloyal: A Memoir: The True Story of the Former Personal Attorney to President Donald J. Trump,Michael Cohen,"Sep 8, 2020",4.6 out of 5 stars,9751
245,Law,Meditations,Marcus Aurelius,"Dec 27, 2016",4.6 out of 5 stars,8306
246,Law,The Color of Law: A Forgotten History of How Our Government Segregated America,Richard Rothstein,"May 1, 2018",4.8 out of 5 stars,6849
247,Law,"A Higher Loyalty: Truth, Lies, and Leadership",James Comey,"Apr 17, 2018",4.7 out of 5 stars,6194
248,Law,The Guilty,by ,"Jan 1, 1996",4.5 out of 5 stars,6178
249,Law,The New Jim Crow: Mass Incarceration in the Age of Colorblindness,Michelle Alexander,"Jan 7, 2020",4.8 out of 5 stars,6129
250,Law,Yes Please,Amy Poehler,"Sep 1, 2015",-,4189
251,Law,Mindhunter: Inside the FBI's Elite Serial Crime Unit,John E. Douglas,"Oct 24, 2017",4.7 out of 5 stars,3792
252,Law,Jonathan Livingston Seagull,Richard Bach,"Jan 1, 1973",4.7 out of 5 stars,3629
253,Law,The War of The Worlds (Vintage Pocket Book #947),H. G. Wells,"Jan 1, 1953",4.4 out of 5 stars,3633
254,Law,The Liberty Amendments,Mark R. Levin,"May 13, 2014",4.9 out of 5 stars,3569
255,Law,How to Destroy America in Three Easy Steps,Ben Shapiro,"Jul 21, 2020",4.9 out of 5 stars,3439
256,"Lesbian, Gay, Bisexual & Transgender Books",The Goldfinch: A Novel (Pulitzer Prize for Fiction),Donna Tartt,"Apr 7, 2015",-,34225
257,"Lesbian, Gay, Bisexual & Transgender Books",White Fragility: Why It's So Hard for White People to Talk About Racism,Robin DiAngelo,"Feb 7, 2019",4.5 out of 5 stars,19202
258,"Lesbian, Gay, Bisexual & Transgender Books","Last Week Tonight with John Oliver Presents A Day in the Life of Marlon Bundo (Better Bundo Book, LGBT Children s Book)",Jill Twiss,"Mar 18, 2018",4.9 out of 5 stars,12094
259,"Lesbian, Gay, Bisexual & Transgender Books",The Perks of Being a Wallflower,Stephen Chbosky,"Aug 14, 2012",4.6 out of 5 stars,12029
260,"Lesbian, Gay, Bisexual & Transgender Books",Go the F**k to Sleep,Adam Mansbach,"Jul 1, 2011",4.8 out of 5 stars,10125
261,"Lesbian, Gay, Bisexual & Transgender Books",Call Me by Your Name: A Novel,André Aciman,"Oct 3, 2017",4.7 out of 5 stars,8064
262,"Lesbian, Gay, Bisexual & Transgender Books",Out of My Mind,Sharon M. Draper,"Mar 9, 2010",4.8 out of 5 stars,4897
263,"Lesbian, Gay, Bisexual & Transgender Books",The Picture of Dorian Gray (Dover Thrift Editions),Oscar Wilde,"Oct 13, 1993",4.4 out of 5 stars,4874
264,"Lesbian, Gay, Bisexual & Transgender Books",The Seven Husbands of Evelyn Hugo: A Novel,Taylor Jenkins Reid,"May 29, 2018",4.6 out of 5 stars,4375
265,"Lesbian, Gay, Bisexual & Transgender Books","Red, White & Royal Blue: A Novel",Casey McQuiston,"May 14, 2019",4.6 out of 5 stars,4258
266,"Lesbian, Gay, Bisexual & Transgender Books",Rebecca (Virago Modern Classics),Daphne Du Maurier,"Mar 1, 2018",4.4 out of 5 stars,4225
267,"Lesbian, Gay, Bisexual & Transgender Books",Less (Winner of the Pulitzer Prize): A Novel,Andrew Sean Greer,"May 22, 2018",-,3780
268,"Lesbian, Gay, Bisexual & Transgender Books","Girl, Woman, Other",Bernardine Evaristo,"May 2, 2019",4.5 out of 5 stars,3595
269,"Lesbian, Gay, Bisexual & Transgender Books",This Is How It Always Is: A Novel,Laurie Frankel,"Jan 23, 2018",4.6 out of 5 stars,3392
270,"Lesbian, Gay, Bisexual & Transgender Books",Pillow Thoughts,Courtney Peppernell,"Aug 29, 2017",4.7 out of 5 stars,3291
271,"Lesbian, Gay, Bisexual & Transgender Books",The Paying Guests,Sarah Waters,"Sep 8, 2015",-,3208
272,Literature & Fiction,Where the Crawdads Sing,Delia Owens,"Aug 14, 2018",4.8 out of 5 stars,96513
273,Literature & Fiction,The Girl on the Train,Paula Hawkins,"Jul 12, 2016",-,79888
274,Literature & Fiction,Gone Girl,Gillian Flynn,"Apr 22, 2014",-,57622
275,Literature & Fiction,The Nightingale: A Novel,Kristin Hannah,"Apr 25, 2017",4.8 out of 5 stars,50496
276,Literature & Fiction,The Nightingale: A Novel,Kristin Hannah,"Feb 3, 2015",4.8 out of 5 stars,50496
277,Literature & Fiction,Fifty Shades of Grey: Book One of the Fifty Shades Trilogy (Fifty Shades of Grey Series),E L James,"Apr 3, 2012",-,47843
278,Literature & Fiction,The Martian,Andy Weir,"Oct 28, 2014",4.7 out of 5 stars,39758
279,Literature & Fiction,The Martian: A Novel,Andy Weir,"Feb 11, 2014",4.7 out of 5 stars,39758
280,Literature & Fiction,Beneath a Scarlet Sky: A Novel,Mark Sullivan,"May 1, 2017",4.7 out of 5 stars,37765
281,Literature & Fiction,All the Light We Cannot See: A Novel,Anthony Doerr,"Apr 4, 2017",4.6 out of 5 stars,37043
282,Literature & Fiction,The Goldfinch: A Novel (Pulitzer Prize for Fiction),Donna Tartt,"Apr 7, 2015",-,34225
283,Literature & Fiction,"The Alchemist, 25th Anniversary: A Fable About Following Your Dream",Paulo Coelho,"Apr 15, 2014",4.7 out of 5 stars,33490
284,Literature & Fiction,The Wonky Donkey,Craig Smith,"Nov 1, 2018",4.8 out of 5 stars,32416
285,Literature & Fiction,The Silent Patient,Alex Michaelides,"Feb 5, 2019",4.5 out of 5 stars,30887
286,Literature & Fiction,Educated: A Memoir,Tara Westover,"Feb 20, 2018",4.7 out of 5 stars,30801
287,Literature & Fiction,The Handmaid's Tale,Margaret Atwood,"Mar 16, 1998",4.3 out of 5 stars,30582
288,Medical Books,The 5 Love Languages: The Secret to Love That Lasts,Gary Chapman,"Oct 1, 2010",4.8 out of 5 stars,27397
289,Medical Books,The Power of Your Subconscious Mind by Dr. Joseph Murphy [ABRIDGED],UNKNOWN,"Apr 6, 2010",4.6 out of 5 stars,19565
290,Medical Books,Man's Search for Meaning,Viktor E. Frankl,"Jun 1, 2006",4.7 out of 5 stars,17396
291,Medical Books,Man's Search for Meaning,Viktor E. Frankl,"Jan 1, 1702",4.7 out of 5 stars,17396
292,Medical Books,This Is Going to Hurt: Secret Diaries of a Medical Resident,Adam Kay,"Dec 3, 2019",4.6 out of 5 stars,15954
293,Medical Books,When Breath Becomes Air,Paul Kalanithi,"Jan 12, 2016",4.8 out of 5 stars,14198
294,Medical Books,Proof of Heaven: A Neurosurgeon's Journey into the Afterlife,Eben Alexander,"Oct 23, 2012",4.3 out of 5 stars,13695
295,Medical Books,"The Body Keeps the Score: Brain, Mind, and Body in the Healing of Trauma",Bessel van der Kolk M.D.,"Sep 8, 2015",4.8 out of 5 stars,13549
296,Medical Books,Chicka Chicka Boom Boom,John Archambault,"Aug 1, 2000",4.8 out of 5 stars,12075
297,Medical Books,"Thinking, Fast and Slow",Daniel Kahneman,"Apr 2, 2013",4.6 out of 5 stars,11603
298,Medical Books,Being Mortal: Medicine and What Matters in the End,Atul Gawande,"Sep 5, 2017",4.8 out of 5 stars,11362
299,Medical Books,"The Power of Habit: Why We Do What We Do, and How to Change",Charles Duhigg,"Jan 1, 2013",4.6 out of 5 stars,11134
300,Medical Books,Outliers: The Story Of Success (Turtleback School & Library Binding Edition),Malcolm Gladwell,"Jun 7, 2011",4.6 out of 5 stars,10939
301,Medical Books,The Obesity Code: Unlocking the Secrets of Weight Loss (The Wellness Code (Book 1)),Dr. Jason Fung,"Mar 1, 2016",4.6 out of 5 stars,10706
302,Medical Books,How Not To Die: Discover the foods scientifically proven to prevent and reverse disease,Greger,"Jan 1, 2017",4.7 out of 5 stars,10272
303,Medical Books,The Immortal Life of Henrietta Lacks,Rebecca Skloot,"Mar 8, 2011",4.7 out of 5 stars,9666
304,"Mystery, Thriller & Suspense",The Girl on the Train,Paula Hawkins,"Jul 12, 2016",-,79888
305,"Mystery, Thriller & Suspense",Gone Girl,Gillian Flynn,"Apr 22, 2014",-,57622
306,"Mystery, Thriller & Suspense",The Martian,Andy Weir,"Oct 28, 2014",4.7 out of 5 stars,39758
307,"Mystery, Thriller & Suspense",The Martian: A Novel,Andy Weir,"Feb 11, 2014",4.7 out of 5 stars,39758
308,"Mystery, Thriller & Suspense",The Goldfinch: A Novel (Pulitzer Prize for Fiction),Donna Tartt,"Apr 7, 2015",-,34225
309,"Mystery, Thriller & Suspense",The Silent Patient,Alex Michaelides,"Feb 5, 2019",4.5 out of 5 stars,30887
310,"Mystery, Thriller & Suspense",Inferno (Robert Langdon),Dan Brown,"May 6, 2014",-,29842
311,"Mystery, Thriller & Suspense",To Kill a Mockingbird,Harper Lee,"Jul 5, 2005",4.8 out of 5 stars,27800
312,"Mystery, Thriller & Suspense",The Husband's Secret,Liane Moriarty,"Jun 27, 2017",4.3 out of 5 stars,27389
313,"Mystery, Thriller & Suspense",Sycamore Row (The Jake Brigance),John Grisham,"Aug 19, 2014",4.5 out of 5 stars,23377
314,"Mystery, Thriller & Suspense",Ready Player One: A Novel,Ernest Cline,"Jun 5, 2012",4.6 out of 5 stars,22980
315,"Mystery, Thriller & Suspense",Big Little Lies,Liane Moriarty,"Aug 11, 2015",4.6 out of 5 stars,21725
316,"Mystery, Thriller & Suspense",Gray Mountain: A Novel,John Grisham,"Aug 18, 2015",-,21264
317,"Mystery, Thriller & Suspense",A Gentleman in Moscow: A Novel,Amor Towles,"Mar 26, 2019",4.7 out of 5 stars,20584
318,"Mystery, Thriller & Suspense",The Shack,William P. Young,"Jul 1, 2008",4.6 out of 5 stars,19884
319,"Mystery, Thriller & Suspense",Origin: A Novel (Robert Langdon),Dan Brown,"Jul 17, 2018",4.3 out of 5 stars,19655
320,Parenting & Relationships,Rich Dad Poor Dad: What the Rich Teach Their Kids About Money That the Poor and Middle Class Do Not!,Robert T. Kiyosaki,"Apr 11, 2017",4.7 out of 5 stars,33298
321,Parenting & Relationships,The 5 Love Languages: The Secret to Love that Lasts,Gary Chapman,"Jan 1, 2015",4.8 out of 5 stars,27397
322,Parenting & Relationships,How To Win Friends and Influence People,Dale Carnegie,"Nov 3, 2009",4.7 out of 5 stars,26395
323,Parenting & Relationships,"Girl, Wash Your Face: Stop Believing the Lies About Who You Are So You Can Become Who You Were Meant to Be",Rachel Hollis,"Feb 6, 2018",4.6 out of 5 stars,23092
324,Parenting & Relationships,White Fragility: Why It's So Hard for White People to Talk About Racism,Robin DiAngelo,"Jun 26, 2018",4.5 out of 5 stars,19202
325,Parenting & Relationships,Untamed,Glennon Doyle,"Mar 10, 2020",4.7 out of 5 stars,18034
326,Parenting & Relationships,Wild (Movie Tie-in Edition): From Lost to Found on the Pacific Crest Trail,Cheryl Strayed,"Nov 18, 2014",4.4 out of 5 stars,17310
327,Parenting & Relationships,Pride and Prejudice (Bantam Classics),Jane Austen,"Dec 1, 1983",4.5 out of 5 stars,12930
328,Parenting & Relationships,"I Am Confident, Brave & Beautiful: A Coloring Book for Girls",Hopscotch Girls,"Nov 13, 2017",4.8 out of 5 stars,10594
329,Parenting & Relationships,Go the F**k to Sleep,Adam Mansbach,"Jun 14, 2011",4.8 out of 5 stars,10125
330,Parenting & Relationships,Alexander Hamilton,Ron Chernow,"Apr 22, 2004",4.8 out of 5 stars,10030
331,Parenting & Relationships,Strange Planet (Strange Planet Series),Nathan W. Pyle,"Nov 19, 2019",4.9 out of 5 stars,9879
332,Parenting & Relationships,"Relationship Goals: How to Win at Dating, Marriage, and Sex",Michael Todd,"Apr 28, 2020",4.9 out of 5 stars,9686
333,Parenting & Relationships,"7 Habits of Highly Effective People: 25th Anniversary Edition, The",Stephen R. Covey,"Aug 25, 2015",4.6 out of 5 stars,9652
334,Parenting & Relationships,What to Expect When You're Expecting,Heidi Murkoff,"May 31, 2016",4.7 out of 5 stars,8744
335,Parenting & Relationships,Spilled Milk: Based on a true story,K.L Randis,"Jun 7, 2013",4.8 out of 5 stars,8539
336,Politics & Social Sciences,The Handmaid's Tale,Margaret Atwood,"Mar 16, 1998",4.3 out of 5 stars,30582
337,Politics & Social Sciences,The Room Where It Happened: A White House Memoir,John Bolton,"Jun 23, 2020",4.3 out of 5 stars,30265
338,Politics & Social Sciences,The Autobiography of Malcolm X: As Told to Alex Haley,Alex Haley,"Oct 12, 1987",4.8 out of 5 stars,28803
339,Politics & Social Sciences,To Kill a Mockingbird,Harper Lee,-,4.8 out of 5 stars,27800
340,Politics & Social Sciences,The 5 Love Languages: The Secret to Love that Lasts,Gary Chapman,"Feb 20, 2005",4.8 out of 5 stars,27397
341,Politics & Social Sciences,"The Four Agreements: A Practical Guide to Personal Freedom, A Toltec Wisdom Book",Don Miguel Ruiz,"Sep 14, 2001",4.7 out of 5 stars,25578
342,Politics & Social Sciences,Sapiens: A Brief History of Humankind,Yuval Noah Harari,"May 15, 2018",4.6 out of 5 stars,25563
343,Politics & Social Sciences,1984 (Signet Classics),George Orwell,"Jul 1, 1950",4.7 out of 5 stars,23312
344,Politics & Social Sciences,The Life-Changing Magic of Tidying Up: The Japanese Art of Decluttering and Organizing,by ,"Oct 14, 2014",4.5 out of 5 stars,23167
345,Politics & Social Sciences,"Girl, Wash Your Face: Stop Believing the Lies About Who You Are So You Can Become Who You Were Meant to Be",Rachel Hollis,"Feb 6, 2018",4.6 out of 5 stars,23092
346,Politics & Social Sciences,12 Rules for Life: An Antidote to Chaos,Jordan B. Peterson,"Jan 23, 2018",4.7 out of 5 stars,20251
347,Politics & Social Sciences,The Power of Your Subconscious Mind,Joseph Murphy,"Nov 24, 2008",4.6 out of 5 stars,19565
348,Politics & Social Sciences,White Fragility: Why It's So Hard for White People to Talk About Racism,Robin DiAngelo,"Jun 26, 2018",4.5 out of 5 stars,19202
349,Politics & Social Sciences,"The Secret (Unabridged, 4-CD Set)",Rhonda Byrne,"Nov 28, 2006",4.5 out of 5 stars,17403
350,Politics & Social Sciences,Man's Search for Meaning,Viktor E. Frankl,"Feb 18, 2014",4.7 out of 5 stars,17396
351,Politics & Social Sciences,Man's Search for Meaning: An Introduction to Logotherapy,Viktor E. Frankl,"Mar 1, 2008",4.7 out of 5 stars,17396
352,Reference,Gone Girl,Gillian Flynn,"Apr 22, 2014",-,57622
353,Reference,The Fault in Our Stars,John Green,"Apr 8, 2014",4.7 out of 5 stars,50876
354,Reference,The Martian,Andy Weir,"Oct 28, 2014",4.7 out of 5 stars,39758
355,Reference,All the Light We Cannot See,Anthony Doerr,"May 6, 2014",4.6 out of 5 stars,37043
356,Reference,"The Alchemist, 25th Anniversary: A Fable About Following Your Dream",Paulo Coelho,"Apr 15, 2014",4.7 out of 5 stars,33490
357,Reference,Rich Dad Poor Dad: What The Rich Teach Their Kids About Money That the Poor and Middle Class Do Not!,Robert T. Kiyosaki,"Aug 16, 2011",4.7 out of 5 stars,33298
358,Reference,"Unbroken: A World War II Story of Survival, Resilience, and Redemption",Laura Hillenbrand,"Nov 16, 2010",4.8 out of 5 stars,29784
359,Reference,Wonder,R. J. Palacio,"Feb 14, 2012",4.8 out of 5 stars,28803
360,Reference,Divergent (Divergent Series),Veronica Roth,"Sep 30, 2014",4.6 out of 5 stars,27295
361,Reference,How To Win Friends and Influence People,Dale Carnegie,"Nov 3, 2009",4.7 out of 5 stars,26395
362,Reference,The Hobbit,J.R.R. Tolkien,"Aug 15, 2002",4.7 out of 5 stars,25805
363,Reference,"My First Learn to Write Workbook: Practice for Kids with Pen Control, Line Tracing, Letters, and More! (Kids coloring activity books)",Crystal Radke,"Aug 27, 2019",4.8 out of 5 stars,25477
364,Reference,1984,George Orwell,"May 6, 2003",4.7 out of 5 stars,23312
365,Reference,Orphan Train,Christina Baker Kline,"Jan 10, 2017",4.6 out of 5 stars,22062
366,Reference,The Very Hungry Caterpillar,Eric Carle,"Mar 23, 1994",4.9 out of 5 stars,21323
367,Reference,A Gentleman in Moscow: A Novel,Amor Towles,"Sep 6, 2016",4.7 out of 5 stars,20584
368,Religion & Spirituality,"The Alchemist, 25th Anniversary: A Fable About Following Your Dream",Paulo Coelho,"Apr 15, 2014",4.7 out of 5 stars,33490
369,Religion & Spirituality,Educated: A Memoir,Tara Westover,"Feb 20, 2018",4.7 out of 5 stars,30801
370,Religion & Spirituality,The Autobiography of Malcolm X: As Told to Alex Haley,Alex Haley,"Oct 12, 1987",4.8 out of 5 stars,28803
371,Religion & Spirituality,The 5 Love Languages: The Secret to Love that Lasts,Gary Chapman,"Jan 1, 2015",4.8 out of 5 stars,27397
372,Religion & Spirituality,The Four Agreements: A Practical Guide to Personal Freedom (A Toltec Wisdom Book),Don Miguel Ruiz,"Nov 7, 1997",4.7 out of 5 stars,25578
373,Religion & Spirituality,The Life-Changing Magic of Tidying Up: The Japanese Art of Decluttering and Organizing,by ,"Oct 14, 2014",4.5 out of 5 stars,23167
374,Religion & Spirituality,"Girl, Wash Your Face: Stop Believing the Lies About Who You Are So You Can Become Who You Were Meant to Be",Rachel Hollis,"Feb 6, 2018",4.6 out of 5 stars,23092
375,Religion & Spirituality,The Tattooist of Auschwitz: A Novel,Heather Morris,"Sep 4, 2018",4.7 out of 5 stars,23047
376,Religion & Spirituality,Jesus Calling: Enjoying Peace in His Presence (with Scripture References),Sarah Young,"Oct 10, 2004",4.9 out of 5 stars,20106
377,Religion & Spirituality,The Shack: Where Tragedy Confronts Eternity,William P. Young,"Jul 1, 2007",4.6 out of 5 stars,19884
378,Religion & Spirituality,The Power of Your Subconscious Mind,Joseph Murphy,"Nov 24, 2008",4.6 out of 5 stars,19565
379,Religion & Spirituality,Milk and Honey,Rupi Kaur,"Oct 6, 2015",4.7 out of 5 stars,18704
380,Religion & Spirituality,Untamed,Glennon Doyle,"Mar 10, 2020",4.7 out of 5 stars,18034
381,Religion & Spirituality,Can't Hurt Me: Master Your Mind and Defy the Odds,David Goggins,"Dec 10, 2018",4.8 out of 5 stars,17825
382,Religion & Spirituality,The Secret,Rhonda Byrne,"Nov 28, 2006",4.5 out of 5 stars,17403
383,Religion & Spirituality,Man's Search for Meaning,Viktor E. Frankl,"Jun 1, 2006",4.7 out of 5 stars,17396
384,Romance,The Girl on the Train,Paula Hawkins,"Jul 12, 2016",-,79888
385,Romance,Fifty Shades of Grey: Book One of the Fifty Shades Trilogy (Fifty Shades of Grey Series),E L James,"Apr 3, 2012",-,47843
386,Romance,Outlander,Diana Gabaldon,"Aug 10, 1998",4.7 out of 5 stars,27780
387,Romance,Grey: Fifty Shades of Grey as Told by Christian (Fifty Shades of Grey Series),E L James,"Jun 18, 2015",4.4 out of 5 stars,26058
388,Romance,Grey: Fifty Shades of Grey as Told by Christian,by ,"Jan 1, 2015",4.4 out of 5 stars,26058
389,Romance,Eleanor Oliphant Is Completely Fine: A Novel,Gail Honeyman,"Jun 5, 2018",4.5 out of 5 stars,24776
390,Romance,Fifty Shades Darker,E L James,"Apr 17, 2012",4.4 out of 5 stars,24070
391,Romance,The Tattooist of Auschwitz: Young Adult edition - including new foreword and Q+A by the author: the heart-breaking and unforgettable international bestseller,Heather Morris,"May 23, 2019",4.7 out of 5 stars,23047
392,Romance,Fifty Shades Freed: Book Three of the Fifty Shades Trilogy (Fifty Shades of Grey Series) (English Edition),E L James,"Apr 17, 2012",4.5 out of 5 stars,20642
393,Romance,"The Atlantis Gene: A Thriller (The Origin Mystery, Book 1)",A.G. Riddle,"Apr 5, 2013",-,18745
394,Romance,Milk and Honey,Rupi Kaur,"Aug 28, 2018",4.7 out of 5 stars,18704
395,Romance,The Rosie Project: A Novel,Graeme Simsion,"Jun 3, 2014",4.5 out of 5 stars,16674
396,Romance,Written in My Own Heart's Blood: A Novel (Outlander),Diana Gabaldon,"May 31, 2016",4.8 out of 5 stars,16652
397,Romance,When We Believed in Mermaids: A Novel,Barbara O'Neal,"Jul 16, 2019",4.5 out of 5 stars,15770
398,Romance,Edge of Eternity: Book Three of the Century Trilogy,Ken Follett,"Sep 6, 2016",-,14683
399,Romance,Fifty Shades Trilogy (Fifty Shades of Grey / Fifty Shades Darker / Fifty Shades Freed),E L James,"Jun 12, 2012",4.5 out of 5 stars,14286
400,Science & Math,Sapiens: A Brief History of Humankind,Yuval Noah Harari,"May 15, 2018",4.6 out of 5 stars,25563
401,Science & Math,"The Atlantis Gene: A Thriller (the Origin Mystery, Book 1)",A. G. Riddle,"Feb 19, 2014",-,18745
402,Science & Math,The Art of War,Sun Tzu,"Mar 10, 1983",4.4 out of 5 stars,14084
403,Science & Math,The Help,Kathryn Stockett,"Apr 5, 2011",4.8 out of 5 stars,14053
404,Science & Math,"Thinking, Fast and Slow",Daniel Kahneman,"Apr 2, 2013",4.6 out of 5 stars,11603
405,Science & Math,The Power of Habit: Why We Do What We Do in Life and Business,Charles Duhigg,"Jan 7, 2014",4.6 out of 5 stars,11134
406,Science & Math,The Untethered Soul: The Journey Beyond Yourself,Michael A. Singer,"Oct 3, 2007",4.7 out of 5 stars,10502
407,Science & Math,Quiet: The Power of Introverts in a World That Can't Stop Talking,Susan Cain,"Jan 29, 2013",4.6 out of 5 stars,10350
408,Science & Math,Astrophysics for People in a Hurry,Neil deGrasse Tyson,"May 2, 2017",4.7 out of 5 stars,9805
409,Science & Math,What If?: Serious Scientific Answers to Absurd Hypothetical Questions,Randall Munroe,"Sep 2, 2014",4.7 out of 5 stars,9668
410,Science & Math,The Immortal Life of Henrietta Lacks,Rebecca Skloot,"Mar 8, 2011",4.7 out of 5 stars,9666
411,Science & Math,There's No Place Like Space: All About Our Solar System (Cat in the Hat's Learning Library),Tish Rabe,"Oct 26, 1999",4.8 out of 5 stars,8624
412,Science & Math,Meditations,Marcus Aurelius,"Dec 27, 2016",4.6 out of 5 stars,8306
413,Science & Math,Alice's Adventures in Wonderland: 150th Anniversary Edition,Lewis Carroll,"Sep 29, 2015",4.5 out of 5 stars,8225
414,Science & Math,"Elon Musk: Tesla, SpaceX, and the Quest for a Fantastic Future",Ashlee Vance,"Jan 24, 2017",4.7 out of 5 stars,8176
415,Science & Math,Steve Jobs,Walter Isaacson,"Oct 24, 2011",4.6 out of 5 stars,7939
416,Science Fiction & Fantasy,The Martian,Andy Weir,"Oct 28, 2014",4.7 out of 5 stars,39758
417,Science Fiction & Fantasy,The Martian: A Novel,Andy Weir,"Feb 11, 2014",4.7 out of 5 stars,39758
418,Science Fiction & Fantasy,The Alchemist: A Fable About Following Your Dream,Paulo Coelho,"May 10, 1995",4.7 out of 5 stars,33490
419,Science Fiction & Fantasy,The Handmaid's Tale,Margaret Atwood,"Mar 16, 1998",4.3 out of 5 stars,30582
420,Science Fiction & Fantasy,Outlander,Diana Gabaldon,"Aug 10, 1998",4.7 out of 5 stars,27780
421,Science Fiction & Fantasy,J.R.R. Tolkien 4-Book Boxed Set: The Hobbit and The Lord of the Rings,J.R.R. Tolkien,"Sep 25, 2012",4.7 out of 5 stars,25805
422,Science Fiction & Fantasy,The Hobbit,J. R. R. Tolkien,"Sep 18, 2012",4.7 out of 5 stars,25805
423,Science Fiction & Fantasy,1984 (Signet Classics),George Orwell,"Jul 1, 1950",4.7 out of 5 stars,23312
424,Science Fiction & Fantasy,Ready Player One: A Novel,Ernest Cline,"Jun 5, 2012",4.6 out of 5 stars,22980
425,Science Fiction & Fantasy,"Catching Fire (The Hunger Games, Book 2)",Suzanne Collins,"Jan 1, 2013",4.7 out of 5 stars,22913
426,Science Fiction & Fantasy,Harry Potter and the Chamber of Secrets: Illustrated Edition,J.K. Rowling,"Aug 22, 2019",4.9 out of 5 stars,20763
427,Science Fiction & Fantasy,A Game of Thrones / A Clash of Kings / A Storm of Swords / A Feast of Crows / A Dance with Dragons ,George R. R. Martin,"Oct 29, 2013",4.7 out of 5 stars,20257
428,Science Fiction & Fantasy,"The Atlantis Gene: A Thriller (The Origin Mystery, Book 1)",A.G. Riddle,"Apr 5, 2013",-,18745
429,Science Fiction & Fantasy,Player's Handbook (Dungeons & Dragons),Wizards RPG Team,"Aug 19, 2014",4.8 out of 5 stars,18133
430,Science Fiction & Fantasy,"A Game of Thrones (A Song of Ice and Fire, Book 1)",George R. R. Martin,"May 28, 2002",4.7 out of 5 stars,17585
431,Science Fiction & Fantasy,Written In My Own Heart's Blood (Outlander (Gabaldon) (8)),Diana Gabaldon,"Oct 8, 2008",4.8 out of 5 stars,16652
432,Self-Help,The Subtle Art of Not Giving a F*ck: A Counterintuitive Approach to Living a Good Life,Mark Manson,"Sep 13, 2016",4.6 out of 5 stars,28174
433,Self-Help,Think and Grow Rich: The Landmark Bestseller Now Revised and Updated for the 21st Century (Think and Grow Rich Series),Napoleon Hill,"Aug 18, 2005",4.7 out of 5 stars,27800
434,Self-Help,The 5 Love Languages: The Secret to Love that Lasts,Gary Chapman,"Jan 1, 2015",4.8 out of 5 stars,27397
435,Self-Help,How To Win Friends and Influence People,Dale Carnegie,"Nov 3, 2009",4.7 out of 5 stars,26395
436,Self-Help,The Four Agreements: A Practical Guide to Personal Freedom (A Toltec Wisdom Book),Don Miguel Ruiz,"Nov 7, 1997",4.7 out of 5 stars,25578
437,Self-Help,The Life-Changing Magic of Tidying Up: The Japanese Art of Decluttering and Organizing,by ,"Oct 14, 2014",4.5 out of 5 stars,23167
438,Self-Help,"Girl, Wash Your Face: Stop Believing the Lies About Who You Are So You Can Become Who You Were Meant to Be",Rachel Hollis,"Feb 6, 2018",4.6 out of 5 stars,23092
439,Self-Help,12 Rules for Life: An Antidote to Chaos,Jordan B. Peterson,"Jan 23, 2018",4.7 out of 5 stars,20251
440,Self-Help,The Power of Your Subconscious Mind,Joseph Murphy,"Nov 24, 2008",4.6 out of 5 stars,19565
441,Self-Help,White Fragility: Why It's So Hard for White People to Talk About Racism,Robin DiAngelo,"Jun 26, 2018",4.5 out of 5 stars,19202
442,Self-Help,Untamed,Glennon Doyle,"Mar 10, 2020",4.7 out of 5 stars,18034
443,Self-Help,Can't Hurt Me: Master Your Mind and Defy the Odds,David Goggins,"Dec 10, 2018",4.8 out of 5 stars,17825
444,Self-Help,The Secret,Rhonda Byrne,"Nov 28, 2006",4.5 out of 5 stars,17403
445,Self-Help,Man's Search for Meaning (OLD EDITION/OUT OF PRINT),Viktor E. Frankl,"Jun 1, 2006",4.7 out of 5 stars,17396
446,Self-Help,MAN'S SEARCH FOR MEANING - an introduction to logotherapy - A newly revised and enlarged edition of 'From Death-Camp to Existentialism',"GORDON W FRANKL, VIKTOR E translated by LASCH, ILSE with preface by ALLPORT","Jan 1, 1962",4.7 out of 5 stars,17396
447,Self-Help,Wild (Movie Tie-in Edition): From Lost to Found on the Pacific Crest Trail,Cheryl Strayed,"Nov 18, 2014",4.4 out of 5 stars,17310
448,Sports & Outdoors,"Unbroken: A World War II Story of Survival, Resilience, and Redemption",Laura Hillenbrand,"Nov 16, 2010",4.8 out of 5 stars,29784
449,Sports & Outdoors,The Boys in the Boat: Nine Americans and Their Epic Quest for Gold at the 1936 Berlin Olympics,Daniel James Brown,"May 27, 2014",4.8 out of 5 stars,23585
450,Sports & Outdoors,Wild: From Lost to Found on the Pacific Crest Trail,Cheryl Strayed,"Mar 26, 2013",4.4 out of 5 stars,17310
451,Sports & Outdoors,The Art of War (Barnes & Noble Classics),Sun Tzu,"May 1, 2003",4.4 out of 5 stars,14084
452,Sports & Outdoors,Shoe Dog: A Memoir by the Creator of Nike,Phil Knight,"May 1, 2018",4.8 out of 5 stars,8722
453,Sports & Outdoors,The Mamba Mentality: How I Play,Kobe Bryant,"Oct 23, 2018",4.9 out of 5 stars,8253
454,Sports & Outdoors,Bushcraft 101: A Field Guide to the Art of Wilderness Survival,Dave Canterbury,"Sep 1, 2014",4.7 out of 5 stars,7705
455,Sports & Outdoors,The Old Man and the Sea,Ernest Hemingway,"Aug 24, 2016",4.6 out of 5 stars,7284
456,Sports & Outdoors,Bigger Leaner Stronger: The Simple Science of Building the Ultimate Male Body,Michael Matthews,"Mar 15, 2019",4.6 out of 5 stars,6969
457,Sports & Outdoors,"Born to Run: A Hidden Tribe, Superathletes, and the Greatest Race the World Has Never Seen",Christopher McDougall,"Mar 29, 2011",4.7 out of 5 stars,6553
458,Sports & Outdoors,"Sacred Woman: A Guide to Healing the Feminine Body, Mind, and Spirit",Queen Afua,"Oct 30, 2001",4.8 out of 5 stars,6488
459,Sports & Outdoors,As the Crow Flies (DI Nick Dixon Crime),Damien Boyd,"Jan 20, 2015",-,6378
460,Sports & Outdoors,A Walk in the Woods: Rediscovering America on the Appalachian Trail,Bill Bryson,"Dec 26, 2006",4.5 out of 5 stars,6184
461,Sports & Outdoors,A Walk in the Woods: Rediscovering America on the Appalachian Trail (Official Guides to the Appalachian Trail),Bill Bryson,"May 4, 1999",4.5 out of 5 stars,6184
462,Sports & Outdoors,Into the Wild,Jon Krakauer,"Jan 20, 1997",4.5 out of 5 stars,5428
463,Sports & Outdoors,"4-Hour Body An Uncommon Guide to Rapid Fat-Loss, Incredible Sex and Becoming Superhuman",Timothy Ferriss,"Jan 27, 2011",4.3 out of 5 stars,4678
464,Teen & Young Adult,Gone Girl (Turtleback School & Library Binding Edition),Gillian Flynn,"Apr 22, 2014",-,57622
465,Teen & Young Adult,The Fault in Our Stars,John Green,"Apr 8, 2014",4.7 out of 5 stars,50876
466,Teen & Young Adult,The Martian: Classroom Edition: A Novel,Andy Weir,"May 3, 2016",4.7 out of 5 stars,39758
467,Teen & Young Adult,The Goldfinch: A Novel (Pulitzer Prize for Fiction),Donna Tartt,"Apr 7, 2015",-,34225
468,Teen & Young Adult,The Alchemist - Gift Edition,Paulo Coelho,"Apr 25, 2006",4.7 out of 5 stars,33490
469,Teen & Young Adult,The Hunger Games (Book 1),Suzanne Collins,"Oct 1, 2008",4.7 out of 5 stars,32405
470,Teen & Young Adult,To Kill a Mockingbird,Harper Lee,"May 23, 2006",4.8 out of 5 stars,27800
471,Teen & Young Adult,Midnight Sun,Stephenie Meyer,"Aug 4, 2020",4.8 out of 5 stars,27765
472,Teen & Young Adult,Divergent (Divergent Series),Veronica Roth,"Sep 30, 2014",4.6 out of 5 stars,27295
473,Teen & Young Adult,Mockingjay (Hunger Games),Suzanne Collins,"Feb 25, 2014",4.5 out of 5 stars,27079
474,Teen & Young Adult,J.R.R. Tolkien 4-Book Boxed Set: The Hobbit and The Lord of the Rings,J.R.R. Tolkien,"Sep 25, 2012",4.7 out of 5 stars,25805
475,Teen & Young Adult,The Hobbit,J. R. R. Tolkien,"Sep 18, 2012",4.7 out of 5 stars,25805
476,Teen & Young Adult,The Book Thief,Markus Zusak,"Sep 11, 2007",4.6 out of 5 stars,23630
477,Teen & Young Adult,1984 (Turtleback School & Library Binding Edition) (Signet Classics),George Orwell,"Jul 1, 1950",4.7 out of 5 stars,23312
478,Teen & Young Adult,The Tattooist of Auschwitz: Young Adult edition - including new foreword and Q+A by the author: the heart-breaking and unforgettable international bestseller,Heather Morris,"May 23, 2019",4.7 out of 5 stars,23047
479,Teen & Young Adult,"Catching Fire (The Hunger Games, Book 2)",Suzanne Collins,"Sep 1, 2009",4.7 out of 5 stars,22913
480,Test Preparation,"My First Learn to Write Workbook: Practice for Kids with Pen Control, Line Tracing, Letters, and More! (Kids coloring activity books)",Crystal Radke,"Aug 27, 2019",4.8 out of 5 stars,25477
481,Test Preparation,The Art of War,Sun Tzu,"Dec 18, 2008",4.4 out of 5 stars,14084
482,Test Preparation,Pride and Prejudice (Dover Thrift Study Edition),Jane Austen,"Aug 3, 2009",4.5 out of 5 stars,12930
483,Test Preparation,The Total Money Makeover: Classic Edition: A Proven Plan for Financial Fitness,Dave Ramsey,"Sep 17, 2013",4.7 out of 5 stars,12356
484,Test Preparation,Left to Tell: Discovering God Amidst The Rwandan Holocaust,Immaculee Ilibagiza,"Mar 15, 2006",4.9 out of 5 stars,11161
485,Test Preparation,A Christmas Carol,Charles Dickens,"Jan 1, 1938",4.6 out of 5 stars,10681
486,Test Preparation,"ATI TEAS Secrets Study Guide: TEAS 6 Complete Study Manual, Full-Length Practice Tests, Review Video Tutorials for the Test of Essential Academic Skills, Sixth Edition",TEAS Exam Secrets Test Prep Team,"Mar 31, 2016",4.7 out of 5 stars,7882
487,Test Preparation,"School Zone - Sight Words Flash Cards - Ages 5 and Up, Kindergarten to 1st Grade, Phonics, Beginning Reading, Sight Reading, Early-Reading Words, and More",School Zone,"May 5, 2015",4.8 out of 5 stars,6346
488,Test Preparation,"Learn to Read: A Magical Sight Words and Phonics Activity Workbook for Beginning Readers Ages 5-7: Reading Made Easy | Preschool, Kindergarten and 1st Grade",Modern Kid Press,"Apr 16, 2019",4.7 out of 5 stars,5980
489,Test Preparation,Sapiens: Uma Breve Historia da Humanidade (Em Portugues do Brasil),_,"Jan 1, 2015",4.8 out of 5 stars,5897
490,Test Preparation,Mindset: The New Psychology of Success,Carol S. Dweck,"Dec 26, 2007",4.6 out of 5 stars,5841
491,Test Preparation,"Number Tracing Book for Preschoolers and Kids Ages 3-5: Trace Numbers Practice Workbook for Pre K, Kindergarten and Kids Ages 3-5 (Math Activity Book)",Modern Kid Press,"Apr 15, 2018",4.8 out of 5 stars,5457
492,Test Preparation,Les Miserables: Complete and Unabridged,Victor Hugo,"Jan 1, 1996",4.3 out of 5 stars,5444
493,Test Preparation,Romeo and Juliet (Dover Thrift Study Edition),William Shakespeare,"Aug 3, 2009",4.6 out of 5 stars,4932
494,Test Preparation,Adventures of Huckleberry Finn (Dover Thrift Study Edition),Mark Twain,"Aug 3, 2009",4.5 out of 5 stars,4800
495,Test Preparation,"Trace Letters Of The Alphabet and Sight Words (On The Go): Preschool Practice Handwriting Workbook: Pre K, Kindergarten and Kids Ages 3-5 Reading And Writing",Modern Kid Press,"Mar 2, 2018",4.7 out of 5 stars,4700
496,Travel,Wild: From Lost to Found on the Pacific Crest Trail,Cheryl Strayed,"Mar 26, 2013",4.4 out of 5 stars,17310
497,Travel,Wuthering Heights (Barnes & Noble Classics),Emily Bronte,"Aug 1, 2005",4.4 out of 5 stars,11031
498,Travel,Rand McNally 2021 Large Scale Road Atlas (Rand McNally Road Atlas),Rand McNally,"Apr 23, 2020",4.8 out of 5 stars,6676
499,Travel,"Born to Run: A Hidden Tribe, Superathletes, and the Greatest Race the World Has Never Seen",Christopher McDougall,"Mar 29, 2011",4.7 out of 5 stars,6553
500,Travel,Little Women (Leatherbound Classic Collection) by Louisa May Alcott (2012) Leather Bound,Louisa May Alcott,"Jan 1, 2012",4.5 out of 5 stars,6484
501,Travel,A Walk in the Woods: Rediscovering America on the Appalachian Trail,Bill Bryson,"Dec 26, 2006",4.5 out of 5 stars,6184
502,Travel,A Walk in the Woods: Rediscovering America on the Appalachian Trail (Official Guides to the Appalachian Trail),Bill Bryson,"May 4, 1999",4.5 out of 5 stars,6184
503,Travel,"Eat, Pray, Love: One Woman's Search for Everything Across Italy, India and Indonesia",Elizabeth Gilbert,"Jan 30, 2007",4.3 out of 5 stars,5860
504,Travel,Into the Wild,Jon Krakauer,"Jan 20, 1997",4.5 out of 5 stars,5428
505,Travel,Cutting for Stone,Abraham Verghese,"Jan 26, 2010",4.6 out of 5 stars,4951
506,Travel,People of Walmart.com Adult Coloring Book: Rolling Back Dignity (OFFICIAL People of Walmart Coloring Books),Day Drankin' Press,"Sep 30, 2016",4.7 out of 5 stars,4945
507,Travel,"50 States, 5,000 Ideas: Where to Go, When to Go, What to See, What to Do",National Geographic,"Feb 7, 2017",4.5 out of 5 stars,4798
508,Travel,Emotional Intelligence 2.0,Travis Bradberry,"May 15, 2010",4.4 out of 5 stars,4600
509,Travel,Into Thin Air: A Personal Account of the Mount Everest Disaster,Jon Krakauer,"Apr 22, 1997",4.7 out of 5 stars,4580
510,Travel,In Cold Blood (Modern Library 100 Best Nonfiction Books),Truman Capote,"Mar 5, 2002",4.6 out of 5 stars,4087
511,Travel,Endurance: Shackleton's Incredible Voyage,Alfred Lansing,"Apr 28, 2015",4.8 out of 5 stars,4058
